Bottleneck residues:, Residues in distance <= 3.0 A from the bottleneck, sorted from the closest.
Snapshot,Tunnel cluster,Tunnel,Throughput,Cost,Bottleneck X,Bottleneck Y,Bottleneck Z,Bottleneck R,Bottleneck residues
frame_6.pdb,1,1,0.5426843300732731,0.611227472342404,33.07763305225543,43.09282163438101,28.324759297450928,0.9276226799297589,A:262,A:289,A:175,A:263,A:260,A:194,A:123,A:290,A:124,A:172
frame_23.pdb,2,1,0.3166411523612227,1.149986157792593,33.80484094724198,43.619415450936884,37.790981252239064,1.0168849126515498,A:226,A:152,A:128,A:164,A:229,A:150,A:165,A:263,A:125,A:124,A:161
