Tunnel cluster ID, Priority, Average throughput, Standard deviation
1, 0.01799688160220149, 0.48591580325944017, 0.0, 
2, 0.009628477373332243, 0.25996888907997057, 0.0, 
