Tunnel cluster ID, Priority, Average throughput, Standard deviation
1, 0.01735413583069429, 0.48591580325944017, 0.0, 
2, 0.00928460318142752, 0.25996888907997057, 0.0, 
