Tunnel cluster ID, Priority, Average throughput, Standard deviation
1, 0.01938158321690261, 0.5426843300732731, 0.0, 
2, 0.011308612584329383, 0.3166411523612227, 0.0, 
