Tunnel cluster ID, Priority, Average throughput, Standard deviation
1, 0.08331739873079298, 0.37492829428856844, 0.03337286361632694, 
